Player,ADP (31-)
Michael Jordan,1.41
LeBron James,1.90
Kevin Garnett,4.05
Larry Bird,4.15
Stephen Curry,4.54
Shaquille O'Neal,5.34
Hakeem Olajuwon,8.41
Magic Johnson,8.56
Jerry West,10.00
Kevin Durant,10.90
Kareem Abdul-Jabbar,11.49
Kobe Bryant,11.55
Shai Gilgeous-Alexander,11.67
Kawhi Leonard,12.90
Tim Duncan,13.24
Nikola Jokic,15.39
Dwyane Wade,16.15
David Robinson,17.03
Chris Paul,18.26
Steve Nash,19.10
Wilt Chamberlain,20.14
Bill Russell,21.00
Bill Walton,23.35
Tracy McGrady,23.36
Oscar Robertson,25.26
Anthony Davis,25.41
Giannis Antetokounmpo,25.44
Julius Erving,28.16
Luka Doncic,30.31
James Harden,31.66
Reggie Miller,31.83
Dirk Nowitzki,32.06
Grant Hill,32.80
Paul George,33.02
Victor Wembanyama,34.14
Scottie Pippen,34.64
Draymond Green,36.96
Manu Ginobili,37.09
Charles Barkley,38.07
Jayson Tatum,38.23
Joel Embiid,38.36
Karl Malone,38.59
Penny Hardaway,40.53
Ray Allen,41.14
Jimmy Butler,43.85
Walt Frazier,44.39
Mark Price,44.56
Bob McAdoo,45.64
Paul Pierce,49.15
Damian Lillard,50.03
Chauncey Billups,50.82
Clyde Drexler,52.08
John Havlicek,52.74
Chris Mullin,53.95
Dwight Howard,56.65
Klay Thompson,57.12
Vince Carter,57.49
Eddie Jones,58.58
Sidney Moncrief,59.40
Terry Porter,62.09
Willis Reed,62.69
Shawn Kemp,62.90
Rashard Lewis,64.66
Patrick Ewing,66.35
Brandon Roy,66.52
Tyrese Haliburton,66.95
Jason Kidd,67.52
Deron Williams,67.74
Rasheed Wallace,67.97
Kyle Lowry,68.29
Devin Booker,68.62
Anthony Edwards,70.00
Bobby Jones,70.97
Peja Stojakovic,72.03
Moses Malone,72.83
Russell Westbrook,72.85
Joe Dumars,75.92
John Stockton,76.30
Andrei Kirilenko,76.80
Marc Gasol,76.97
Larry Nance Sr.,76.97
Marques Johnson,80.55
Victor Oladipo,82.01
Isiah Thomas,82.35
Andre Iguodala,84.18
Kevin Johnson,84.35
Evan Mobley,84.38
Shawn Marion,85.00
Rick Barry,85.08
Mike Conley,86.24
Pau Gasol,87.43
Kyrie Irving,88.23
Gary Payton,91.57
Donovan Mitchell,93.36
Jaylen Brown,95.22
Dave Cowens,96.46
Jaren Jackson Jr.,99.69
George Gervin,100.00
Jrue Holiday,100.05
Alonzo Mourning,100.53
Mitch Richmond,100.76
Jalen Williams,100.76
Chris Bosh,101.62
Mikal Bridges,101.92
Dan Majerle,102.22
Khris Middleton,103.35
James Worthy,106.10
Jalen Brunson,106.50
Al Horford,110.47
Bradley Beal,114.09
Shane Battier,114.36
Michael Cooper,114.70
Bob Lanier,117.16
Derrick Rose,117.93
Bam Adebayo,118.96
Cade Cunningham,120.19
Ron Artest,120.21
Gordon Hayward,121.28
Paul Millsap,121.35
Derrick White,121.64
Pascal Siakam,122.57
Doug Christie,123.05
Jeff Hornacek,123.71
Hersey Hawkins,124.41
Rudy Gobert,124.76
Derek Harper,125.53
Karl-Anthony Towns,126.52
Danny Green,126.56
Lamar Odom,127.13
Lauri Markkanen,129.65
Paul Pressey,129.80
Alex English,129.86
Chet Holmgren,129.93
Tayshaun Prince,130.94
Zion Williamson,131.29
Desmond Bane,134.23
Allen Iverson,134.29
Chris Webber,134.80
Sam Jones,135.49
Lou Hudson,135.64
Kevin Love,138.30
Danny Granger,139.62
Luol Deng,139.93
Darius Garland,140.10
Dennis Rodman,142.23
Gilbert Arenas,143.02
Ja Morant,143.77
Bernard King,145.56
Artis Gilmore,146.15
Blake Griffin,148.93
Michael Finley,149.89
OG Anunoby,149.91
Kevin McHale,151.45
Horace Grant,151.50
Bob Dandridge,152.85
Kiki VanDeWeghe,153.08
Tim Hardaway Sr.,154.76
Jack Sikma,155.22
Chet Walker,155.36
Robert Covington,161.67
Tony Parker,161.86
Nate Thurmond,162.84
Dennis Johnson,163.76
Joe Johnson,164.74
Richard Hamilton,166.14
Baron Davis,166.73
Joakim Noah,169.15
Elgin Baylor,169.80
Dominique Wilkins,169.84
Wesley Matthews,170.72
Terrell Brandon,171.70
Kyle Korver,172.08
David West,172.12
Hal Greer,173.92
Hedo Turkoglu,174.15
Robert Horry,174.97
Walter Davis,175.70
Ron Harper,176.07
Jamal Murray,176.38
Ben Wallace,177.35
David Thompson,180.08
Reggie Lewis,180.20
Dikembe Mutombo,180.58
Amar'e Stoudemire,180.65
Steve Smith,181.30
Latrell Sprewell,181.42
Trae Young,181.51
Tyson Chandler,181.90
Alvan Adams,183.53
Goran Dragic,183.98
Gus Williams,184.53
Michael Redd,185.41
Nicolas Batum,185.44
Connie Hawkins,187.67
Marcus Smart,190.58
Kristaps Porzingis,192.12
Paul Westphal,195.13
Josh Smith,196.97
George Hill,197.58
Sleepy Floyd,198.82
Jarrett Allen,199.95
John Wall,200.97
Glen Rice,201.15
Sam Perkins,202.86
Bobby Phills,203.06
Carmelo Anthony,203.58
De'Aaron Fox,203.86
Lonzo Ball,204.16
Maurice Cheeks,204.98
Amen Thompson,205.33
Josh Howard,205.45
Jason Terry,206.83
Tyrese Maxey,207.57
Billy Cunningham,208.43
Dick Van Arsdale,210.19
Gus Johnson,211.04
Boris Diaw,211.84
Antonio McDyess,211.96
Elton Brand,212.48
Jamaal Wilkes,212.53
Franz Wagner,216.29
Fat Lever,217.30
Andrew Wiggins,218.13
Robert Parish,218.19
Kemba Walker,218.52
Andrew Bogut,220.31
Clifford Robinson,222.13
Arvydas Sabonis,222.42
Brent Barry,222.51
Kirk Hinrich,223.97
Gerald Wallace,224.00
Brad Daugherty,225.70
Dale Ellis,226.26
Danny Ainge,228.47
Dave DeBusschere,228.85
Byron Scott,229.74
Ivica Zubac,233.19
Jermaine O'Neal,234.18
Brook Lopez,235.95
Sam Lacey,237.87
Sam Cassell,238.77
Scott Wedman,239.31
Fred VanVleet,240.08
Detlef Schrempf,241.70
Mookie Blaylock,244.78
Brian Taylor,244.79
Toni Kukoc,244.90
Bob Pettit,246.19
Zach LaVine,247.13
LaMelo Ball,248.03
Otto Porter Jr.,249.00
Tiny Archibald,252.73
Aaron Gordon,253.72
Rolando Blackman,254.37
Don Buse,255.85
Vlade Divac,258.36
Jamal Mashburn,258.80
Phil Smith,258.91
Isaiah Thomas,259.07
Bo Outlaw,259.08
Yao Ming,259.13
Jon McGlocklin,259.45
Roger Brown,260.08
Raja Bell,260.23
Kenny Anderson,260.29
Fred Brown,260.58
Michael Porter Jr.,265.41
Robert Williams,268.09
James Posey,269.54
Bob Love,269.88
Brandon Ingram,271.18
Jaden McDaniels,271.55
Gary Harris,271.63
Brad Miller,274.55
Herb Jones,275.69
Kerry Kittles,276.26
Elvin Hayes,277.78
Malcolm Brogdon,277.88
Richard Jefferson,278.19
Randy Smith,279.74
Jerome Kersey,280.04
JJ Redick,280.30
Alex Caruso,280.36
Steve Francis,280.87
Nate McMillan,281.82
Wesley Person,281.86
Trevor Ariza,286.99
Joe Ingles,287.15
Dan Roundfield,289.44
Buck Williams,290.84
Wes Unseld,291.68
Allan Houston,292.50
PJ Brown,293.31
Terry Cummings,293.52
Scottie Barnes,293.64
LaMarcus Aldridge,293.88
Mike Bibby,294.18
Ralph Sampson,294.45
Mike Miller,294.64
Domantas Sabonis,294.66
Serge Ibaka,294.89
Caron Butler,296.10
Gail Goodrich,296.62
Rajon Rondo,296.67
Thabo Sefolosha,296.82
Jerry Lucas,297.72
Drazen Petrovic,298.01
Rod Strickland,298.65
Otis Birdsong,298.83
Jalen Suggs,299.29
Deandre Ayton,300.07
Theo Ratliff,300.59
Darrell Armstrong,300.76
Johnny Moore,300.85
Doc Rivers,301.71
Bill Laimbeer,302.45
Jerry Sloan,302.50
Nicolas Claxton,302.70
JR Smith,303.37
Dorian Finney-Smith,303.40
Jae Crowder,304.59
Clifford Ray,304.78
Kenyon Martin,305.37
Alvin Robertson,305.95
Kentavious Caldwell-Pope,306.14
Marcus Camby,306.16
Greg Ballard,306.26
Phil Chenier,308.11
Jim Paxson,308.40
Pete Maravich,308.41
Bryon Russell,309.52
Duncan Robinson,310.35
Trey Murphy,310.85
Derrick Coleman,311.10
Jerami Grant,311.26
Walt Bellamy,311.40
Willie Wise,311.71
Myles Turner,311.82
Rodney McCray,312.22
Tony Allen,312.38
Louie Dampier,312.38
Micheal Ray Richardson,312.50
Tom Chambers,312.58
Derrick McKey,312.90
John Salley,313.04
Mickey Johnson,313.09
John Collins,313.19
Larry Johnson,313.36
Anthony Mason,313.81
Dejounte Murray,313.86
Anthony Parker,314.21
Andrew Bynum,314.32
Kendall Gill,314.78
Danilo Gallinari,314.88
Julius Randle,314.88
Paul Silas,314.93
Bob Cousy,314.93
Paolo Banchero,315.00
Danny Manning,315.03
Clint Capela,315.29
James Silas,315.44
Quinn Buckner,315.54
Gary Payton II,315.69
Larry Kenon,315.74
Kevin Martin,315.94
Nene Hilario,316.13
Darryl Dawkins,316.15
Mark Aguirre,316.31
Joe Harris,316.31
Richie Guerin,316.77
DeMarcus Cousins,316.87
Nick Anderson,316.87
Mo Williams,317.12
Bruce Bowen,317.22
Tom Boerwinkle,317.28
Jason Richardson,317.43
CJ McCollum,317.79
Ben Simmons,317.99
Arron Afflalo,317.99
Earl Monroe,318.09
Spencer Haywood,318.14
George McGinnis,318.19
Mark Eaton,318.24
Sidney Wicks,318.24
Billy Knight,318.30
DeAndre Jordan,318.40
Norm Van Lier,318.45
Marvin Williams,318.50
Chuck Person,318.60
Buddy Hield,318.60
Zydrunas Ilgauskas,318.65
Glenn Robinson,318.70
Jusuf Nurkic,318.76
Nikola Vucevic,318.76
Charlie Ward,318.76
Ben Gordon,318.86
Joe Caldwell,318.86
Donyell Marshall,318.91
Ricky Pierce,318.91
Maurice Lucas,318.91
Ray Williams,318.91
Adrian Dantley,318.96
Antawn Jamison,318.96
Stephon Marbury,318.96
Carlos Boozer,318.96
Jameer Nelson,318.96
Andre Roberson,318.96
Dana Barros,318.96
World B. Free,318.96
Dolph Schayes,318.96
Sean Elliott,318.96
DeMar DeRozan,318.96
Ryan Anderson,318.96
Cedric Maxwell,318.96
Zach Randolph,318.96
Andre Miller,318.96
Larry Hughes,318.96
Bill Sharman,318.96
Ty Lawson,318.96
Dan Issel,318.96
Xavier McDaniel,318.96
Derek Anderson,318.96
Mike Dunleavy,318.96
Raef LaFrentz,318.96
Channing Frye,318.96
Zelmo Beaty,318.96
Dave Bing,318.96
Shareef Abdur-Rahim,318.96
Calvin Murphy,318.96
Lonnie Shelton,318.96
Lenny Wilkens,318.96
Maurice Stokes,318.96
Micheal Williams,318.96
Jose Calderon,318.96
Jack Twyman,318.96
Bill Bridges,318.96
Dell Curry,318.96
Wil Jones,318.96
Archie Clark,318.96
Bobby Simmons,318.96
John Starks,318.96
Mel Daniels,318.96
Hot Rod Williams,318.96
Jalen Rose,318.96
Terry Mills,318.96
Bill Cartwright,318.96
Eddie Johnson,318.96
Charles Oakley,318.96
KC Jones,318.96
Calvin Natt,318.96